<?xml version="1.0"?>
<doc>
    <assembly>
        <name>YoutubeExplode.Converter</name>
    </assembly>
    <members>
        <member name="T:YoutubeExplode.Converter.IYoutubeConverter">
            <summary>
            Interface for <see cref="T:YoutubeExplode.Converter.YoutubeConverter"/>.
            </summary>
        </member>
        <member name="M:YoutubeExplode.Converter.IYoutubeConverter.DownloadVideoAsync(System.String,System.String,System.String,System.IProgress{System.Double},System.Threading.CancellationToken)">
            <summary>
            Downloads a video to a file using the specified format.
            </summary>
        </member>
        <member name="M:YoutubeExplode.Converter.IYoutubeConverter.DownloadVideoAsync(System.String,System.String,System.IProgress{System.Double},System.Threading.CancellationToken)">
            <summary>
            Downloads a video to a file.
            </summary>
        </member>
        <member name="T:YoutubeExplode.Converter.YoutubeConverter">
            <summary>
            The entry point for <see cref="N:YoutubeExplode.Converter"/>.
            </summary>
        </member>
        <member name="M:YoutubeExplode.Converter.YoutubeConverter.#ctor(YoutubeExplode.IYoutubeClient,System.String)">
            <summary>
            Creates an instance of <see cref="T:YoutubeExplode.Converter.YoutubeConverter"/>.
            </summary>
        </member>
        <member name="M:YoutubeExplode.Converter.YoutubeConverter.#ctor(YoutubeExplode.IYoutubeClient)">
            <summary>
            Creates an instance of <see cref="T:YoutubeExplode.Converter.YoutubeConverter"/>.
            </summary>
        </member>
        <member name="M:YoutubeExplode.Converter.YoutubeConverter.#ctor">
            <summary>
            Creates an instance of <see cref="T:YoutubeExplode.Converter.YoutubeConverter"/>.
            </summary>
        </member>
        <member name="M:YoutubeExplode.Converter.YoutubeConverter.DownloadVideoAsync(System.String,System.String,System.String,System.IProgress{System.Double},System.Threading.CancellationToken)">
            <inheritdoc />
        </member>
        <member name="M:YoutubeExplode.Converter.YoutubeConverter.DownloadVideoAsync(System.String,System.String,System.IProgress{System.Double},System.Threading.CancellationToken)">
            <inheritdoc />
        </member>
    </members>
</doc>
